Rainier Wolfcastle,https://cdn.glitch.com/3c3ffadc-3406-4440-bb95-d40ec8fcde72%2FRainierWolfcastle.png?1497567511035
Ralph Wiggum,https://cdn.glitch.com/3c3ffadc-3406-4440-bb95-d40ec8fcde72%2FRalphWiggum.png?1497567511523
Duffman,https://cdn.glitch.com/3c3ffadc-3406-4440-bb95-d40ec8fcde72%2FDuffman.png?1497567511709
Moe Szyslak,https://cdn.glitch.com/3c3ffadc-3406-4440-bb95-d40ec8fcde72%2FMoeSzyslak.png?1497567512411
Moe Szyslak,https://cdn.glitch.com/3c3ffadc-3406-4440-bb95-d40ec8fcde72%2FMoeSzyslak.png?1497567512411
Marge Simpson,https://cdn.glitch.com/3c3ffadc-3406-4440-bb95-d40ec8fcde72%2FMargeSimpson.png?1497567512205
Ralph Wiggum,https://cdn.glitch.com/3c3ffadc-3406-4440-bb95-d40ec8fcde72%2FRalphWiggum.png?1497567511523
Dr. Nick,https://cdn.glitch.com/3c3ffadc-3406-4440-bb95-d40ec8fcde72%2FNickRiviera.png?1497567511084
Moe Szyslak,https://cdn.glitch.com/3c3ffadc-3406-4440-bb95-d40ec8fcde72%2FMoeSzyslak.png?1497567512411
Frank Grimes,https://cdn.glitch.com/3c3ffadc-3406-4440-bb95-d40ec8fcde72%2FFrankGrimes.png?1497567511887
Moe Szyslak,https://cdn.glitch.com/3c3ffadc-3406-4440-bb95-d40ec8fcde72%2FMoeSzyslak.png?1497567512411
Ralph Wiggum,https://cdn.glitch.com/3c3ffadc-3406-4440-bb95-d40ec8fcde72%2FRalphWiggum.png?1497567511523
Homer Simpson,https://cdn.glitch.com/3c3ffadc-3406-4440-bb95-d40ec8fcde72%2FHomerSimpson.png?1497567511939
Mr. Burns,https://cdn.glitch.com/3c3ffadc-3406-4440-bb95-d40ec8fcde72%2FMrBurns.png?1497567512188
Chief Wiggum,https://cdn.glitch.com/3c3ffadc-3406-4440-bb95-d40ec8fcde72%2FChiefWiggum.png?1497567511716
Homer Simpson,https://cdn.glitch.com/3c3ffadc-3406-4440-bb95-d40ec8fcde72%2FHomerSimpson.png?1497567511939
Milhouse Van Houten,https://cdn.glitch.com/3c3ffadc-3406-4440-bb95-d40ec8fcde72%2FMilhouseVanHouten.png?1497567513002
Homer Simpson,https://cdn.glitch.com/3c3ffadc-3406-4440-bb95-d40ec8fcde72%2FHomerSimpson.png?1497567511939
Homer Simpson,https://cdn.glitch.com/3c3ffadc-3406-4440-bb95-d40ec8fcde72%2FHomerSimpson.png?1497567511939
Homer Simpson,https://cdn.glitch.com/3c3ffadc-3406-4440-bb95-d40ec8fcde72%2FHomerSimpson.png?1497567511939
Homer Simpson,https://cdn.glitch.com/3c3ffadc-3406-4440-bb95-d40ec8fcde72%2FHomerSimpson.png?1497567511939
Comic Book Guy,https://cdn.glitch.com/3c3ffadc-3406-4440-bb95-d40ec8fcde72%2FComicBookGuy.png?1497567511970
Ralph Wiggum,https://cdn.glitch.com/3c3ffadc-3406-4440-bb95-d40ec8fcde72%2FRalphWiggum.png?1497567511523
Apu Nahasapeemapetilon,https://cdn.glitch.com/3c3ffadc-3406-4440-bb95-d40ec8fcde72%2FApuNahasapeemapetilon.png?1497567511629
Chief Wiggum,https://cdn.glitch.com/3c3ffadc-3406-4440-bb95-d40ec8fcde72%2FChiefWiggum.png?1497567511716
Comic Book Guy,https://cdn.glitch.com/3c3ffadc-3406-4440-bb95-d40ec8fcde72%2FComicBookGuy.png?1497567511970
Lisa Simpson,https://cdn.glitch.com/3c3ffadc-3406-4440-bb95-d40ec8fcde72%2FLisaSimpson.png?1497567512083
Troy McClure,https://cdn.glitch.com/3c3ffadc-3406-4440-bb95-d40ec8fcde72%2FTroyMcClure.png?1497567511112
Dr. Nick,https://cdn.glitch.com/3c3ffadc-3406-4440-bb95-d40ec8fcde72%2FNickRiviera.png?1497567511084
Ralph Wiggum,https://cdn.glitch.com/3c3ffadc-3406-4440-bb95-d40ec8fcde72%2FRalphWiggum.png?1497567511523
Ralph Wiggum,https://cdn.glitch.com/3c3ffadc-3406-4440-bb95-d40ec8fcde72%2FRalphWiggum.png?1497567511523
Ralph Wiggum,https://cdn.glitch.com/3c3ffadc-3406-4440-bb95-d40ec8fcde72%2FRalphWiggum.png?1497567511523
Apu Nahasapeemapetilon,https://cdn.glitch.com/3c3ffadc-3406-4440-bb95-d40ec8fcde72%2FApuNahasapeemapetilon.png?1497567511629
Homer Simpson,https://cdn.glitch.com/3c3ffadc-3406-4440-bb95-d40ec8fcde72%2FHomerSimpson.png?1497567511939
Troy McClure,https://cdn.glitch.com/3c3ffadc-3406-4440-bb95-d40ec8fcde72%2FTroyMcClure.png?1497567511112
Abe Simpson,https://cdn.glitch.com/3c3ffadc-3406-4440-bb95-d40ec8fcde72%2FAbrahamSimpson.png?1497567511593
Homer Simpson,https://cdn.glitch.com/3c3ffadc-3406-4440-bb95-d40ec8fcde72%2FHomerSimpson.png?1497567511939
Marge Simpson,https://cdn.glitch.com/3c3ffadc-3406-4440-bb95-d40ec8fcde72%2FMargeSimpson.png?1497567512205
Abe Simpson,https://cdn.glitch.com/3c3ffadc-3406-4440-bb95-d40ec8fcde72%2FAbrahamSimpson.png?1497567511593
Frank Grimes,https://cdn.glitch.com/3c3ffadc-3406-4440-bb95-d40ec8fcde72%2FFrankGrimes.png?1497567511887
Troy McClure,https://cdn.glitch.com/3c3ffadc-3406-4440-bb95-d40ec8fcde72%2FTroyMcClure.png?1497567511112
Marge Simpson,https://cdn.glitch.com/3c3ffadc-3406-4440-bb95-d40ec8fcde72%2FMargeSimpson.png?1497567512205
Milhouse Van Houten,https://cdn.glitch.com/3c3ffadc-3406-4440-bb95-d40ec8fcde72%2FMilhouseVanHouten.png?1497567513002
Apu Nahasapeemapetilon,https://cdn.glitch.com/3c3ffadc-3406-4440-bb95-d40ec8fcde72%2FApuNahasapeemapetilon.png?1497567511629
Homer Simpson,https://cdn.glitch.com/3c3ffadc-3406-4440-bb95-d40ec8fcde72%2FHomerSimpson.png?1497567511939
Ralph Wiggum,https://cdn.glitch.com/3c3ffadc-3406-4440-bb95-d40ec8fcde72%2FRalphWiggum.png?1497567511523
Apu Nahasapeemapetilon,https://cdn.glitch.com/3c3ffadc-3406-4440-bb95-d40ec8fcde72%2FApuNahasapeemapetilon.png?1497567511629
Apu Nahasapeemapetilon,https://cdn.glitch.com/3c3ffadc-3406-4440-bb95-d40ec8fcde72%2FApuNahasapeemapetilon.png?1497567511629
Troy McClure,https://cdn.glitch.com/3c3ffadc-3406-4440-bb95-d40ec8fcde72%2FTroyMcClure.png?1497567511112
Groundskeeper Willie,https://cdn.glitch.com/3c3ffadc-3406-4440-bb95-d40ec8fcde72%2FGroundskeeperWillie.png?1497567512063
Ralph Wiggum,https://cdn.glitch.com/3c3ffadc-3406-4440-bb95-d40ec8fcde72%2FRalphWiggum.png?1497567511523
Dr. Nick,https://cdn.glitch.com/3c3ffadc-3406-4440-bb95-d40ec8fcde72%2FNickRiviera.png?1497567511084
Moe Szyslak,https://cdn.glitch.com/3c3ffadc-3406-4440-bb95-d40ec8fcde72%2FMoeSzyslak.png?1497567512411
Abe Simpson,https://cdn.glitch.com/3c3ffadc-3406-4440-bb95-d40ec8fcde72%2FAbrahamSimpson.png?1497567511593
Comic Book Guy,https://cdn.glitch.com/3c3ffadc-3406-4440-bb95-d40ec8fcde72%2FComicBookGuy.png?1497567511970
Apu Nahasapeemapetilon,https://cdn.glitch.com/3c3ffadc-3406-4440-bb95-d40ec8fcde72%2FApuNahasapeemapetilon.png?1497567511629
Bart Simpson,https://cdn.glitch.com/3c3ffadc-3406-4440-bb95-d40ec8fcde72%2FBartSimpson.png?1497567511638
Homer Simpson,https://cdn.glitch.com/3c3ffadc-3406-4440-bb95-d40ec8fcde72%2FHomerSimpson.png?1497567511939
Bart Simpson,https://cdn.glitch.com/3c3ffadc-3406-4440-bb95-d40ec8fcde72%2FBartSimpson.png?1497567511638
Troy McClure,https://cdn.glitch.com/3c3ffadc-3406-4440-bb95-d40ec8fcde72%2FTroyMcClure.png?1497567511112
Mr. Burns,https://cdn.glitch.com/3c3ffadc-3406-4440-bb95-d40ec8fcde72%2FMrBurns.png?1497567512188
Bart Simpson,https://cdn.glitch.com/3c3ffadc-3406-4440-bb95-d40ec8fcde72%2FBartSimpson.png?1497567511638
Bart Simpson,https://cdn.glitch.com/3c3ffadc-3406-4440-bb95-d40ec8fcde72%2FBartSimpson.png?1497567511638
Homer Simpson,https://cdn.glitch.com/3c3ffadc-3406-4440-bb95-d40ec8fcde72%2FHomerSimpson.png?1497567511939
Duffman,https://cdn.glitch.com/3c3ffadc-3406-4440-bb95-d40ec8fcde72%2FDuffman.png?1497567511709
Apu Nahasapeemapetilon,https://cdn.glitch.com/3c3ffadc-3406-4440-bb95-d40ec8fcde72%2FApuNahasapeemapetilon.png?1497567511629
Marge Simpson,https://cdn.glitch.com/3c3ffadc-3406-4440-bb95-d40ec8fcde72%2FMargeSimpson.png?1497567512205
Bart Simpson,https://cdn.glitch.com/3c3ffadc-3406-4440-bb95-d40ec8fcde72%2FBartSimpson.png?1497567511638
Nelson Muntz,https://cdn.glitch.com/3c3ffadc-3406-4440-bb95-d40ec8fcde72%2FNelsonMuntz.png?1497567511185
Mr. Burns,https://cdn.glitch.com/3c3ffadc-3406-4440-bb95-d40ec8fcde72%2FMrBurns.png?1497567512188
Chief Wiggum,https://cdn.glitch.com/3c3ffadc-3406-4440-bb95-d40ec8fcde72%2FChiefWiggum.png?1497567511716
Homer Simpson,https://cdn.glitch.com/3c3ffadc-3406-4440-bb95-d40ec8fcde72%2FHomerSimpson.png?1497567511939
Mayor Quimby,https://cdn.glitch.com/3c3ffadc-3406-4440-bb95-d40ec8fcde72%2FMayorQuimby.png?1497627527799
Ralph Wiggum,https://cdn.glitch.com/3c3ffadc-3406-4440-bb95-d40ec8fcde72%2FRalphWiggum.png?1497567511523
Dr. Nick,https://cdn.glitch.com/3c3ffadc-3406-4440-bb95-d40ec8fcde72%2FNickRiviera.png?1497567511084
Homer Simpson,https://cdn.glitch.com/3c3ffadc-3406-4440-bb95-d40ec8fcde72%2FHomerSimpson.png?1497567511939
Comic Book Guy,https://cdn.glitch.com/3c3ffadc-3406-4440-bb95-d40ec8fcde72%2FComicBookGuy.png?1497567511970
